Store Name,City
육심가 본점,계룡시
맛나감자탕 계룡본점,계룡시
장독대와보리밥,계룡시
더하고부대찌개,계룡시
대운식당,계룡시
씨에르보,계룡시
맛나감자탕 계룡본점,계룡시
화평,계룡시
모꼬지,계룡시
태백칡냉면,계룡시
팔각도 충남계룡점,계룡시
신도리한우촌,계룡시
굽네치킨 계룡점,계룡시
수복일식,계룡시
신도리한우촌,계룡시
방일해장국 계룡점,계룡시
별미황소곱창,계룡시
BBQ치킨 계룡점,계룡시
선비꼬마김밥 계룡점,계룡시
왕십리장수곱창,계룡시
유성갈비 계룡점,계룡시
미르,계룡시
땅스부대찌개 충남계룡점,계룡시
역전할머니맥주 계룡엄사점,계룡시
피자마루 계룡엄사점,계룡시
"쉼,어묵 그리고 한잔 술 계룡점",계룡시
배스킨라빈스 계룡엄사,계룡시
숯불바베큐치킨마트,계룡시
완미족발 충남계룡점,계룡시
샤브마니아 충남계룡점,계룡시
소담,계룡시
김밥천국 엄사점,계룡시
한중원,계룡시
라플레르카페,계룡시
온도,계룡시
써브웨이 계룡엄사점,계룡시
우리할매떡볶이 계룡점,계룡시
하륜일만족발 계룡본점,계룡시
호박이야기,계룡시
신통치킨 충남계룡대점,계룡시
갈비로,계룡시
쟈뎅드모아,계룡시
우리쌀100호두과자,계룡시
떡밀밀 계룡시청점,계룡시
본죽 계룡금암점,계룡시
샵커피앤케이크,계룡시
자매추어탕,계룡시
공주칼국수쭈꾸미구이 엄사점,계룡시
맛도리,계룡시
카페다봄,계룡시
대세박목살 라페스타점,고양시
수복삼계탕 일산점,고양시
노상그릴드,고양시
스미카츠 일산본점,고양시
마니산산채 일산점,고양시
늘상웨돔,고양시
어라속초생선찜 생선구이 일산애니골본점,고양시
오술차 라페스타점,고양시
니취8로마,고양시
대종칼국수,고양시
강경불고기 일산식사점,고양시
화포식당 원흥점,고양시
청담초밥 일산점,고양시
족발신선생 신원점,고양시
아이라이크마운틴,고양시
더더간장게장무한리필,고양시
앨리스 케이커리,고양시
락희안 일산점,고양시
베다니맷돌막국수,고양시
포항물회 행신점,고양시
해물상회 삼송점,고양시
삼지연 평양냉면전문점,고양시
연희정 샤브샤브,고양시
서궁,고양시
스시마고 스타필드 고양점,고양시
너른마당,고양시
옐로커피,고양시
레이지버거클럽 서오릉점,고양시
카페 텐나인,고양시
녹향원,고양시
선식당,고양시
태리가옥,고양시
고향옥얼큰순대국 본점,고양시
제주은희네해장국 본점,고양시
위키친,고양시
철원양평해장국 신관,고양시
비비하우스,고양시
밍차이,고양시
대동관,고양시
청담한우 정육식당 지축점,고양시
타이리셔스 현대백화점 킨텍스점,고양시
전설의우대갈비 주엽본점,고양시
산이화 한정식,고양시
경성빵공장 서오릉점,고양시
독불장군 백석동 고기집,고양시
육식대왕 서오릉향동본점,고양시
YELLOWMOUNTAIN,고양시
박승광해물손칼국수 덕이직영점,고양시
소코아 일산점,고양시
화정족발,고양시
팔팔무쇠삼겹,공주시
계룡산 장추어탕,공주시
명성불고기,공주시
밥꽃하나피었네,공주시
곰골식당,공주시
숲너울,공주시
베이커리 밤마을,공주시
고울,공주시
동학사 풍천장어,공주시
엔학고레,공주시
산성시장국밥,공주시
요하마라21,공주시
고창애풍천장어,공주시
동학사 초가집,공주시
새이학가든,공주시
카페화봉,공주시
공주돈까스,공주시
춘소커피,공주시
삼모캉 공주점,공주시
돈금정,공주시
금성회관,공주시
이자카야 호야,공주시
17커피,공주시
마티석갈비,공주시
그루잠,공주시
양달가든,공주시
가막골,공주시
청양분식,공주시
우성관,공주시
주봉마을우렁촌,공주시
메리포핀스 공주점,공주시
어나더오더,공주시
감나무집,공주시
슬로우스테어커피,공주시
신야춘추,공주시
산책,공주시
인생초밥집,공주시
미락,공주시
야미램,공주시
베이커리인화당,공주시
밀목,공주시
24시전주명가콩나물국밥,공주시
여정,공주시
개미식당,공주시
장순루,공주시
강가에서,공주시
동네분식,공주시
정안골 양푼이 동태찌개,공주시
요거트아이스크림의정석 공주점,공주시
자연골농원,공주시
본가생칼국수샤브만두전골,광명시
더맛있는한우,광명시
광명본갈비,광명시
마초쉐프 광명점,광명시
천사곱창 광명일직점,광명시
고창복의낙지세상 광명점,광명시
돼지집,광명시
또와요짬뽕,광명시
회랑게랑 광명역점,광명시
원조부안집 하안점,광명시
서울현방 광명역점,광명시
호천생갈비,광명시
광명족발,광명시
로도스 피자,광명시
광명홍두깨칼국수,광명시
가야밀면,광명시
데일리앤그릭,광명시
아멜라하우스 광명 아브뉴프랑점,광명시
후라토식당 광명GIDC점,광명시
김태완스시,광명시
유일순대,광명시
망향비빔국수 경기광명점,광명시
처비핑거스,광명시
정이품쭈꾸미 광명1호점,광명시
포시즌키친 광명점,광명시
이학순베이커리 광명역점,광명시
내조삼계탕,광명시
본가생칼국수샤브만두전골,광명시
고반식당 광명아브뉴프랑점,광명시
마피아피자 광명역,광명시
헬로크랩 광명점,광명시
꿀꿀이 두루치기,광명시
와인싸롱뱅뱅,광명시
이자와 광명직영점,광명시
커피 인텐스,광명시
서커스돈까스 광명점,광명시
소미담 광명사거리점,광명시
연남물갈비 광명어반브릭스점,광명시
양꼬치소년,광명시
중식명장이송학 AK플라자광명점,광명시
명륜진사갈비 광명소하점,광명시
달그락,광명시
광명안양대교흑염소,광명시
맥도날드 광명철산역점,광명시
샐러디 광명역점,광명시
착한낙지 광명점,광명시
브런치빈 광명철산점,광명시
넥스트커피랩,광명시
펀치케이크러브,광명시
고기싸롱 광명사거리역점,광명시
보배반점 광주상무점,광주시
납작집,광주시
퀸돈 광주첨단본점,광주시
따봉시래기 상무점,광주시
몽환,광주시
첨단 필링돈까스,광주시
하노이어이 광주상무점,광주시
세광양대창 광주첨단점,광주시
라무진 광주첨단점,광주시
갓포마루,광주시
초유지,광주시
또바기냉면,광주시
운암회관 운암점,광주시
상무초밥 첨단점,광주시
만재네 광주상무점,광주시
맷돌,광주시
오블로,광주시
테이트모던 Wellness Haus,광주시
핵밥 전남대점,광주시
정동 전대점,광주시
산장웅계 수완점,광주시
나나방콕 광주수완점,광주시
오마카세 오사이초밥 광주상무점,광주시
행복담,광주시
심경희라라랜드 용봉점,광주시
김강심 칼국수,광주시
정희 동명점,광주시
퍼니스 카페앤라운지,광주시
동경화로라운지,광주시
미미원,광주시
관산칡냉면,광주시
황금회포차 광주동천점,광주시
최고의육회,광주시
빕스 프리미어 광주광천점,광주시
한해물하네 첨단점,광주시
이씨네푸줏간 운암점,광주시
한량꿀막걸리 양산점,광주시
사랑과평화,광주시
소코아 봉선점,광주시
팔미낙지한마리수제비 광주월곡점,광주시
소맥베이커리,광주시
초이찌,광주시
해드리오,광주시
한량꿀막걸리 화정점,광주시
무등왕돈까스,광주시
그런느낌,광주시
초돈,광주시
쿠로시로,광주시
목하식당,광주시
카페304 상무본점,광주시
스시마요,구리시
후니쓰,구리시
장우가,구리시
한가네숯불닭갈비 갈매점,구리시
짚신매운갈비찜 갈매점,구리시
고구려참숯구이,구리시
팔각도 구리돌다리점,구리시
혜화로,구리시
속초항,구리시
압구정화로구이 구리꽃길점,구리시
삼남곱창,구리시
마제이루,구리시
파스타아미고,구리시
수택농원,구리시
구리야끼만두,구리시
명물곱창,구리시
카페고조,구리시
가드니아 제빵소 구리본점,구리시
메리네,구리시
강씨네아천칡냉면&언양식바싹불고기,구리시
귀품찬 숯불갈비 구리직영점,구리시
공도동춘옥,구리시
힐라비카페,구리시
돈보스코,구리시
올리앤 구리점,구리시
벅시분식,구리시
투썸플레이스 구리담터점,구리시
다인한정식,구리시
카페 시소,구리시
맥도날드 구리인창DT점,구리시
수목원가든,구리시
박승광해물손칼국수 구리점,구리시
포구리,구리시
천하대만족,구리시
강가네한다리이향갈비 본점,구리시
간고등어와콩비지,구리시
스시도로,구리시
생마차 구리돌다리점,구리시
아뜰리에05 장자호수점,구리시
원시쪽갈비 구리본점,구리시
다르다감자탕,구리시
포몬스 구리점,구리시
할리스 구리수택DI점,구리시
카페 샐러브,구리시
애월식당 구리점,구리시
봉대미곱창,구리시
족발삼촌,구리시
동대문엽기떡볶이 구리인창점,구리시
그로우,구리시
구리불백,구리시
해담,군산시
세겹상회 군산본점,군산시
왕산중화요리 군산,군산시
한일옥,군산시
지린성,군산시
이성당,군산시
누렁소까망돼지,군산시
빈해원,군산시
홍원반점,군산시
물고기자리,군산시
미소한우,군산시
백소정 군산수송점,군산시
대북경,군산시
주소,군산시
남도밥상,군산시
스테이블,군산시
서우식당,군산시
비행장정문부대찌개,군산시
등대로,군산시
노조미라멘본점,군산시
연화구 본점,군산시
경원해물찜,군산시
장어골숯불구이,군산시
가마솥밥 시즈카,군산시
루249,군산시
안동집,군산시
락원천국장,군산시
탱탱만두,군산시
준스시,군산시
군산꽃삼겹 수송점,군산시
치코,군산시
미소한우,군산시
담다한식뷔페,군산시
군산오성황제해물짬뽕,군산시
원조나포순대,군산시
온담 군산점,군산시
현대옥 군산미장점,군산시
국수와뚝비,군산시
김형제고기의철학 군산수송점,군산시
백소정 군산수송점,군산시
양푼왕갈비 감자탕나라,군산시
미원통닭 군산수송점,군산시
홍영장,군산시
깻잎막회,군산시
진호수산,군산시
궁전갈치찜,군산시
화우,군산시
화덕장인,군산시
백년삼계탕,군산시
강촌마을,군산시
일척 황금소갈비,군포시
수리산채,군포시
서가앤쿡 군포산본점,군포시
팔덕식당 산본점,군포시
백소정 산본점,군포시
핵밥 산본점,군포시
홍종흔베이커리,군포시
소코아 산본역점,군포시
수리산두꺼비 본점,군포시
솔향기 항아리 바베큐 식당,군포시
위키위티디저트카페,군포시
737 솥뚜껑 삼겹살,군포시
이승아 쌀 디저트 공간,군포시
파피오,군포시
냉삼집,군포시
퍼시먼즈,군포시
복아구찜해물탕원조집,군포시
조셉파리,군포시
홍두깨손칼국수,군포시
화양,군포시
물만난오징어 금정역점,군포시
네세네,군포시
커피향,군포시
우브 베이커리,군포시
비스트로302,군포시
금정어시장 2호점,군포시
좋은아침페스츄리 시그니처점,군포시
몽마르치킨호프,군포시
갓덴스시 롯데피트인 산본점,군포시
진주손만두,군포시
스타피스,군포시
아맛나양꼬치 산본점,군포시
맥도날드 군포산본DT점,군포시
멀린 비어펍,군포시
신먹방털보네생고기,군포시
포차의신,군포시
설빙 금정역점,군포시
춘 산본점,군포시
고르목,군포시
예전각설렁탕,군포시
금정참별난참치,군포시
만추중화요리,군포시
장원해장국 본점,군포시
트라네,군포시
키토,군포시
명짬뽕,군포시
손가네장충한방족발 산본점,군포시
좋구만 군포송정점,군포시
두끼 산본점,군포시
Poke all day 포케&샐러드 산본점,군포시
라라코스트 전북김제점,김제시
조가네갑오징어 금산사점,김제시
산속가든,김제시
예촌,김제시
원평지평선청보리한우촌,김제시
빠뽕,김제시
오늘여기,김제시
소라수산,김제시
카페숨,김제시
우연하게도,김제시
족발거장,김제시
상상방앗간,김제시
더궁짜장나라,김제시
카페무드셀라,김제시
성산재,김제시
명륜진사갈비 전북김제점,김제시
유씨네본가누룽지삼계탕 김제점,김제시
더바리스타카페,김제시
한식찬,김제시
라라코스트 전북김제점,김제시
황산정육식당,김제시
홍미경가든 & 해장국,김제시
섬마을바지락칼국수,김제시
추억의쪽갈비,김제시
페리카나 김제점,김제시
고봉민김밥인 김제신풍점,김제시
손가네바지락손칼국수,김제시
대운한우암소회관 제1직영점,김제시
설빙 김제검산점,김제시
손짜장수타킹,김제시
김제반점,김제시
시골카페,김제시
송가네치킨,김제시
이디야커피 김제중앙점,김제시
카페404,김제시
민정가든,김제시
명랑핫도그 김제검산점,김제시
참조은참치,김제시
모어,김제시
솔리드,김제시
펀비어킹 전북 김제검산동점,김제시
카페안단테,김제시
김범안기능장명인빵제작소,김제시
풍경장어,김제시
가마솥선지해장국,김제시
BBQ치킨 김제금산사점,김제시
청기와냉면 초계막국수 김제점,김제시
달바라기,김제시
쥬씨&차얌 김제점,김제시
왕중왕손짜장,김제시
촌놈숯불닭갈비,김포시
샬로우커피 김포장기역점,김포시
봉구네고기집 김포점,김포시
냉온장 김포본점,김포시
청원흑염소,김포시
해원,김포시
메이쓰리,김포시
동내축산 구래점,김포시
황소갈비 구래점,김포시
W52,김포시
할매솥뚜껑삼겹살 사우점,김포시
고기짚,김포시
정가네화덕구이족발 장기본점,김포시
태양 김포통진점,김포시
갈비성 고촌점,김포시
황금코다리 김포본점,김포시
오동도,김포시
5table,김포시
야끼니꾸소량 김포구래점,김포시
더 비스트로 조선 김포한강점,김포시
오달통분식,김포시
텍사스로드하우스 현대프리미엄아울렛 김포점,김포시
담구리샤브칼국수 김포본점,김포시
맷돌로만 김포본점,김포시
메밀면장,김포시
남강메기매운탕 본점,김포시
블루스모크 김포본점,김포시
"라멘, 모으다",김포시
우사마 김포구래점,김포시
디쎄베이커리,김포시
한옥카페다인,김포시
진흥관,김포시
북한강,김포시
빈슈에뜨,김포시
무지개분식 본점,김포시
캠프그레잇,김포시
수갈비,김포시
만나설렁탕도가니탕,김포시
소담촌 김포풍무역점,김포시
운유산농원,김포시
강민주의들밥 김포점,김포시
카페타비,김포시
김희라왕돈까스전문점,김포시
타코몰리 김포점,김포시
연미소관,김포시
둘레,김포시
갈비본질 구래직영점,김포시
아희원,김포시
오성루 김포본점,김포시
대관령곱창 본가,김포시
등촌샤브칼국수 별내점,남양주시
등촌샤브칼국수 호평점,남양주시
콤비식당,남양주시
버드나무집 남양주본점,남양주시
천마산강장어,남양주시
카페 대너리스,남양주시
일심본가콩요리,남양주시
보나리베,남양주시
아르페지오,남양주시
목향원,남양주시
강경불고기 진건점,남양주시
강경불고기 진접점,남양주시
팔당장어 본점,남양주시
옛고을,남양주시
크리미부어크,남양주시
안마을돼지불백,남양주시
아유 스페이스,남양주시
녹화,남양주시
벨스타커피,남양주시
한근집 팔당,남양주시
더드림핑 드림골,남양주시
레몬그라스 타이,남양주시
커피에리어,남양주시
팽현숙의옛날순대국 남양주점,남양주시
시가올비빔국수,남양주시
광릉한옥점,남양주시
금남리 민물장어,남양주시
키스톤 스피시즈,남양주시
진건 감자옹심이,남양주시
나인블럭 미음나루 DT점,남양주시
피크닉오리주물럭,남양주시
경복궁삼계탕 별내점,남양주시
이자카야 우규 마석점,남양주시
아인슈페너,남양주시
인크커피 다산점,남양주시
금남계옥숯불닭갈비 남양주본점,남양주시
솔몽 베이커리,남양주시
마장동생고기 화도점,남양주시
고기를사랑하는집 호평본점,남양주시
카페보리,남양주시
IT COF : 금남리커피,남양주시
삼봉푸줏간,남양주시
마케집 별내점,남양주시
강남면옥 남양주점,남양주시
소띠,남양주시
뚜띠쿠치나 별내점,남양주시
계림상황삼계탕오리,남양주시
모락식당,남양주시
보얀트 본점,남양주시
카페호평로,남양주시
진골김치찜&곱도리탕,남원시
언더롯지,남원시
달궁식당,남원시
삼포가든,남원시
서래헌,남원시
명문제과,남원시
서남만찬,남원시
인산인해,남원시
해용집,남원시
경방루,남원시
풍년칼국수,남원시
샤리,남원시
현추어탕,남원시
어베러데이,남원시
삼박골식당,남원시
"늘,파인",남원시
동막골,남원시
카페 앤디스,남원시
마시로이,남원시
안내소앞 카페 제비,남원시
오베이,남원시
금생춘,남원시
안주가 남원점,남원시
우렁각시식당,남원시
대성식당,남원시
BHC치킨 남원점,남원시
선비고을,남원시
빽다방 남원중앙점,남원시
청솔회관한식뷔페,남원시
남원 허브마을 채마루,남원시
삼삼돈 남원도통점,남원시
초밥집입니다,남원시
바게트버거,남원시
사계진미숯불닭갈비 남원점,남원시
운봉 라이라이 중화요리,남원시
에덴가든,남원시
남원민물장어구이,남원시
먹거리식당,남원시
황금보리밭,남원시
삼목집,남원시
하늘아래운봉,남원시
산수림,남원시
원할머니보쌈족발 &박가부대 남원도통점,남원시
의령소바 남원점,남원시
등촌샤브칼국수 남원점,남원시
큰집해물칼국수,남원시
도미노피자 남원점,남원시
큰산초록맛집,남원시
오향족발 남원점,남원시
멕시카나치킨 남원점,남원시
봉황삼계탕&오리불고기,논산시
진수성찬,논산시
낭만참치 논산 본점,논산시
화로본갈비,논산시
논산옥,논산시
반월소바,논산시
싸리집,논산시
산애들애,논산시
카페벌곡,논산시
원산면옥,논산시
들마루맛집,논산시
양촌명가,논산시
먹보쌈밥고깃간,논산시
취암반점,논산시
원조중앙탑막국수 논산점,논산시
정할머니왕족발보쌈,논산시
연산왕막국수,논산시
사탕수수 족욕카페,논산시
초서,논산시
레이크티,논산시
자연숨식당,논산시
은진손칼국수,논산시
관저명태촌 논산점,논산시
대영모찌도너츠,논산시
알로이키친,논산시
유원지가든,논산시
태평식당,논산시
고기박사냉면 논산본점,논산시
진수성찬,논산시
커피마실,논산시
카페봄갤러리,논산시
진흥반점,논산시
파파제이,논산시
석정원,논산시
동대문엽기떡볶이 논산점,논산시
피자헛 논산2호점,논산시
롯데리아 논산점,논산시
선비꼬마김밥 논산점,논산시
신화짬뽕,논산시
청솔참숯불갈비,논산시
쿠우쿠우 논산점,논산시
두찜 논산내동점,논산시
마왕족발 논산강경점,논산시
역전할머니맥주 논산내동점,논산시
프랭크버거 논산1호점,논산시
한마음정육식당 논산내동점,논산시
카페 아트페어,논산시
탑정가마솥소머리곰탕,논산시
연산대추꽃피는밥상,논산시
영식이네수산,논산시
맷돌포어민횟집,당진시
정가득국밥,당진시
압구정편의점 당진우두점,당진시
황제산더미바지락칼국수,당진시
등촌샤브칼국수 당진점,당진시
모씨네 본점,당진시
슬기네식당,당진시
당진맛집 꽃게와꽃게집,당진시
고메샤브 당진본점,당진시
동춘옥 당진점,당진시
한마음정육식당 당진읍내점,당진시
조개대표 삽교직영점,당진시
15스테이션,당진시
로로,당진시
SHWIM,당진시
선창횟집,당진시
맷돌포어민횟집,당진시
이화원,당진시
4월8일,당진시
뚝방촌,당진시
소문난집,당진시
로드락,당진시
원당코다리,당진시
보배반점 당진읍내점,당진시
길목,당진시
신평양조장,당진시
애자네횟집,당진시
금자탑,당진시
더트커피,당진시
그린블랑,당진시
장수옥설렁탕 당진본점,당진시
제주돈저팔계,당진시
장고목,당진시
고반식당 충남당진점,당진시
자연산미꾸라지,당진시
온비1959 당진점,당진시
맥도날드 충남당진DT점,당진시
고창풍천장어 당진본점,당진시
흑돈,당진시
하루가,당진시
하와이조개 당진점,당진시
당진해나루정육식당,당진시
미라노디저트,당진시
공원식당,당진시
해뜨는집,당진시
홍콩반점,당진시
미광다방 로스터리카페,당진시
박가부대 충남당진점,당진시
옛날통닭합덕점,당진시
샤브연리지 삽교호점,당진시
오름,동두천시
올리앤 동두천 지행점,동두천시
일미담,동두천시
나목 스모크밸리,동두천시
평남면옥,동두천시
도너츠윤 동두천본점,동두천시
파인힐커피하우스,동두천시
카페와바,동두천시
왕방지기,동두천시
원조초계탕,동두천시
코너101 동두천점,동두천시
자반고 동두천점,동두천시
커피폴,동두천시
유성연김밥 본점,동두천시
대왕돈까스&귀엽지롱,동두천시
커피팀버 동두천,동두천시
왕방돈가스,동두천시
영준네,동두천시
커민양꼬치,동두천시
라라코스트 동두천점,동두천시
산야초카페,동두천시
보산분식,동두천시
송내양식당,동두천시
코홀트커피 1호점,동두천시
편백회관 동두천점,동두천시
진가네양평해장국 동두천본점,동두천시
동두천브루어리,동두천시
진미복집,동두천시
김정문더덕오리구이,동두천시
산들에두부마을,동두천시
깡통뒷고기,동두천시
어멍생고기,동두천시
롯데리아동두천점,동두천시
소요산명품한우축산물판매장식당,동두천시
담원생선구이,동두천시
샐러디 지행역점,동두천시
다솜수제비사령부,동두천시
돼지네연탄구이,동두천시
후라이드참잘하는집 동두천점,동두천시
노랑통닭 동두천지행점,동두천시
복이오리,동두천시
이디야커피 지행역점,동두천시
명랑핫도그 지행역점,동두천시
"앙,갸또",동두천시
아이엠도넛 동두천점,동두천시
장수루양꼬치훠궈 동두천점,동두천시
피자스쿨 동두천중앙역점,동두천시
갓지은솥밥 동두천 본점,동두천시
마리아주,동두천시
일품순대국뼈해장국,동두천시
목포해상케이블카맛집,목포시
초유달538 본점,목포시
수일식 목포평화광장점,목포시
하나비 횟집,목포시
세컨디포레스트 목포점,목포시
뜰채,목포시
코롬방제과점,목포시
하당먹거리,목포시
장터식당,목포시
화덕고깃간 목포점,목포시
남도아리랑 목포본점,목포시
고기목장,목포시
포미아구찜용해포미점,목포시
은지네해장국,목포시
인생감자탕 목포점,목포시
88포장마차,목포시
유달회관 목포평화광장점,목포시
망고루 체인본부,목포시
spatial cafe,목포시
김정림선지해장국,목포시
원조제일돌곱창,목포시
온스,목포시
신안맛집,목포시
야드레보쌈,목포시
원조이로순대,목포시
못난이네,목포시
청자횟집 목포민어 유달산본점,목포시
맛나감자탕 목포남악점,목포시
스트로베리팩토리,목포시
뚝방닭구이 평화광장점,목포시
식객포차,목포시
한사랑한우명가,목포시
딸기네집케이크,목포시
다우닝룸,목포시
명륜진사갈비 목포하당점,목포시
금메달식당,목포시
꼬레안 김치찌개,목포시
라멘집아저씨 목포점,목포시
오거리식당,목포시
인정국수,목포시
토브공작소,목포시
정성식육식당본점,목포시
선창횟집,목포시
서울순대,목포시
요굴뚝,목포시
지민이네,목포시
아마빌레,목포시
마늘보쌈집,목포시
카페인평광,목포시
혁이네,목포시
회신랑 조개각시,보령시
화산숯불오리가든,보령시
붴,보령시
대천브루어리 수제맥주 양조장&펍,보령시
풍미꽃게장게국지 대천점,보령시
대천키조개삼합 본점,보령시
진주빛조개구이,보령시
조은조개구이,보령시
국본가 보령점,보령시
해물창고,보령시
조개까는남자,보령시
송돈가 보령점,보령시
신무창포맛집,보령시
돈돼지 삼겹살,보령시
피자파티,보령시
서해바다,보령시
원산도커피,보령시
카메식당,보령시
가마솥 명품국밥,보령시
맛있다고소문난밥집,보령시
라바카페,보령시
복조리닭집,보령시
키츠네야,보령시
홍익돈까스 대천점,보령시
민형1976식당,보령시
라라코스트 보령터미널점,보령시
팔도강산,보령시
청해 회&조개구이,보령시
장벌바지락칼국수,보령시
황금코다리 보령점,보령시
믹스토랑 보령점,보령시
꿀삐닭강정 대천해수욕장점,보령시
솔가숯불갈비 보령직영점,보령시
참좋은치킨,보령시
천복집 흑염소 보령동대점,보령시
명작 숯불갈비,보령시
더맨타코대천점,보령시
오이시,보령시
소미안,보령시
최동민양푼갈비 대천동대점,보령시
쌈사랑쌈밥정식,보령시
말통 샌드위치,보령시
길세이로무시 대천점,보령시
신포갈비,보령시
멕시카나치킨 명천점,보령시
뮤직바 신씨네다락방,보령시
십이월,보령시
또치네,보령시
보령한우살롱,보령시
목단,보령시
장어타운,부천시
봄담아 중동점,부천시
승우네오리랑돼지랑,부천시
신의식탁,부천시
아웃오브오피스 부천점,부천시
미리내 부천신중동역본점,부천시
우리동네 소고기무한리필 부천역점,부천시
동해밤바다 부천본점,부천시
부천아귀 부천본점,부천시
나리스키친 부천,부천시
카놀리,부천시
소사정육식당,부천시
미쓰발랑코,부천시
짱이네매콤돈가스냉면,부천시
제일곱창 부천직영점,부천시
동명닭집 신중동점,부천시
한누리한우곱창 신중동점,부천시
족발신선생 부천역점,부천시
복성원,부천시
미꼬담 부천까치울점,부천시
장어타운,부천시
맛남살롱 부천시청점,부천시
삼도갈비,부천시
학교가는길,부천시
urban food office,부천시
무화과식당,부천시
백제원 부천점,부천시
오마카세 오사이초밥 부천신중동역점,부천시
백제칼국수본점,부천시
청기와오리촌,부천시
리세스커피,부천시
카페다람,부천시
낭만장사꾼 원미산호랭이,부천시
이자카야 우규 부천역점,부천시
스시초이스 송내본점,부천시
화양연화,부천시
삼촌칼국수 부천점,부천시
봉평옹심이메밀칼국수,부천시
뻥쟁이네 신중동역점,부천시
하나,부천시
나나바바 카페,부천시
고수탕수,부천시
모퉁이돌마을카페,부천시
서당의달,부천시
계남버거,부천시
스시현,부천시
돈까스클럽 부천오정점,부천시
당아래 비빔국수,부천시
포메인 부천점,부천시
코르드블랭크,부천시
씨에스호텔 카노푸스 다이닝,서귀포시
다와매운갈비찜,서귀포시
꽃돼지연탄구이,서귀포시
돈이랑,서귀포시
돌집식당,서귀포시
삼무국수 서귀포올레시장점,서귀포시
대윤흑돼지 서귀포올레시장점,서귀포시
고집돌우럭 중문점,서귀포시
까망돼지 중문점,서귀포시
순천미향 제주산방산본점,서귀포시
대기정,서귀포시
낭불 화로구이 제주신화월드점,서귀포시
전망좋은횟집&흑돼지 성산본점,서귀포시
돈고팡 산방산점,서귀포시
엘파소,서귀포시
몰마농 그대와함께 해물라면 성산일출봉 본점,서귀포시
함쉐프키친 서귀포 본점,서귀포시
소색채본,서귀포시
천돈가 중문본점,서귀포시
인스밀,서귀포시
흑돼지삼형제,서귀포시
테라로사 서귀포점,서귀포시
UDA,서귀포시
중문횟집 엉덩물횟집,서귀포시
장승포식당 성산 섭지코지점,서귀포시
칠돈가 중문점,서귀포시
충남식당,서귀포시
흑돼지고을,서귀포시
나운이네갈치짱고기짱,서귀포시
산방식당,서귀포시
마노커피하우스,서귀포시
오돈가 서귀포올레시장 본점,서귀포시
카페 귤꽃다락,서귀포시
까망돼지 서귀포점,서귀포시
집나간왕새우바람난조개구이,서귀포시
옥돔식당,서귀포시
삼달리 별내리는정원 제주성산점,서귀포시
토끼트멍,서귀포시
표선세화해녀의집,서귀포시
블라썸꽃이피다 서귀포점,서귀포시
카페오놀,서귀포시
러디스 서귀포본점,서귀포시
낭불 화로구이 제주신화월드점,서귀포시
표선우동가게,서귀포시
오전열한시,서귀포시
해월정 서귀포점,서귀포시
제주갈치맛집 영목이네 표선점,서귀포시
오가네전복설렁탕 서귀포본점,서귀포시
나무식탁,서귀포시
오마이살롱,서귀포시
고기육번지고깃집,서산시
천수만꽃게장 직영점,서산시
짚불로 두번구워 불맛을 두번입힌 장어 청미짚불장어,서산시
준테이블,서산시
서산불고기 백반의신,서산시
서산명소,서산시
쭈사랑쭈꾸미,서산시
고기육번지고깃집,서산시
온센 서산점,서산시
화덕으로 간고등어 서산점,서산시
낙원갈비집 서산점,서산시
소담촌 서산호수공원점,서산시
옛날손두부와국수,서산시
시골순대,서산시
레트로카페펜션,서산시
안흥일품꽃게장,서산시
고기박사냉면 본점,서산시
한가로이,서산시
김추일수제돈까스 해미읍성점,서산시
오봉집 서산점,서산시
덕이네황제바지락칼국수,서산시
해미막국수,서산시
원조부안집 서산예천점,서산시
빅쭌부대찌개 서산본점,서산시
라라코스트 서산호수공원점,서산시
동산메밀막국수,서산시
소뜰,서산시
카페 서산수,서산시
BBQ치킨 동문본점,서산시
덕수네가리비 1호점,서산시
흑콩국수,서산시
만리장성,서산시
해미토박이닭개장,서산시
앤드케이크 &디저트,서산시
바까날레,서산시
명륜진사갈비 충남서산점,서산시
화덕 생선구이 전문점,서산시
서산영양돌솥밥,서산시
삼정곱창,서산시
화담원 서산점,서산시
삼형제꼬마김밥,서산시
디깅커피클럽,서산시
본딩마켓,서산시
황금대패,서산시
진주소곱창,서산시
집으로식당 본점,서산시
더본감자탕 서산점,서산시
오아시스,서산시
수참치,서산시
BHC치킨 서산예천점,서산시
청계산 달판,성남시
판교장어사랑,성남시
반포식스 판교역점,성남시
효원식당 분당정자점,성남시
화로양,성남시
하누비노 정자점,성남시
후라토식당 아브뉴프랑 판교점,성남시
뚜에이오,성남시
마츠노하나 현대백화점 판교점,성남시
왕노가,성남시
신선채,성남시
스시생선가게,성남시
카페랄로 판교점,성남시
새소리물소리,성남시
백경한우 판교본점,성남시
영동교집 위례직영점,성남시
삼육가 야탑직영점,성남시
소이빙수,성남시
도원참치 판교본점,성남시
부산의밤,성남시
땡큐한,성남시
옥된장 야탑점,성남시
콘비노,성남시
세광양대창 야탑점,성남시
맛찬들왕소금구이 모란점,성남시
뿅의전설 야탑 본점,성남시
토나리스시,성남시
서울감자탕 해장국,성남시
페삭,성남시
육값어치,성남시
데일리오아시스 분당야탑점,성남시
백나예김밥,성남시
대왕코다리실록 서현본점,성남시
풍천장어전문,성남시
붓처스컷 아브뉴프랑 판교점,성남시
마초야 수내점,성남시
마왕족발 판교점,성남시
백소정 미금역점,성남시
도원,성남시
램가 본점,성남시
성일면옥 본점,성남시
평가옥 분당점,성남시
도툼횟집 남위례점,성남시
리얼스페인 판교점,성남시
레니엡,성남시
황제삼계탕,성남시
서정가야밀면,성남시
홀썸치킨 판교점,성남시
모랑해물솥밥 정자역점,성남시
경희보궁,성남시
도나스데이 본점,수원시
코우도 광교앨리웨이호수공원점,수원시
구들짱황소곱창 영통점,수원시
팔육정육식당,수원시
백세짬뽕 수원본점,수원시
고베규카츠 수원인계점,수원시
세컨디포레스트 행궁점,수원시
츠요이,수원시
백세삼계탕 수원고색점,수원시
황소갈비 월드스퀘어점,수원시
터닝테이블 본점,수원시
3월3일 영통 직영점,수원시
투섹션 광교본점,수원시
10593베이글커피하우스 행궁점,수원시
징기스 영통점,수원시
야키토리잔잔 인계본점,수원시
육풍 수원역점,수원시
그레이트 히말라야,수원시
참다랑어막주는집 참치정육점 화서점,수원시
가보정,수원시
태화장 본점,수원시
아장아장 아빠가만든전복장,수원시
청춘면가,수원시
호르몬치치 수원인계본점,수원시
몽테드,수원시
세상의모든아침 광교점,수원시
살살녹소 서수원점,수원시
모찌고,수원시
중평떡볶이 본점,수원시
명성돼지갈비,수원시
감성타코 비스트로,수원시
옥된장 수원영통점,수원시
국보회관 수원인계동,수원시
패터슨커피,수원시
요미우돈교자,수원시
열두알우동집,수원시
썬프란시스코마켓,수원시
포시즌키친 광교직영점,수원시
텔온 sk view lake tower 37F,수원시
생각나는순대국본점,수원시
미루꾸커피 스타필드 수원점,수원시
통일맛집,수원시
우솔촌 고색점 본점,수원시
다니소바 광교아브뉴프랑점,수원시
이영철생오리,수원시
모이세분식 남문점,수원시
촌놈,수원시
옐로우팜 광교직영점,수원시
박승광해물손칼국수 수원오목천점,수원시
잭슨빌타운,수원시
해상공원횟집,시흥시
촌놈생고기,시흥시
한가네숯불닭갈비 정왕점,시흥시
천하장사냉면굴전문 시흥본점,시흥시
스미카츠 본점,시흥시
우정횟집,시흥시
물왕,시흥시
도쿄스테이크 배곧점,시흥시
조개포차,시흥시
조개반장,시흥시
트랩,시흥시
우림관본점,시흥시
진갈비 장곡점,시흥시
레이크우드,시흥시
필로데오스,시흥시
국민생고기 장곡동점,시흥시
이자카야 우규 시흥은계점,시흥시
정통보리밥집 물왕,시흥시
방파제칼제비,시흥시
마장동생고기 배곧점,시흥시
브런치빈 시흥대야점,시흥시
바베큐팩토리 거북섬점,시흥시
냉면제면소,시흥시
소풍 곤드레밥 무한리필,시흥시
강릉해변메밀막국수 시흥광석점,시흥시
호 스시,시흥시
발해짬뽕 본점,시흥시
천수산,시흥시
해상공원횟집,시흥시
서운칼국수전문점,시흥시
선식당 시흥점,시흥시
달쿠쿠,시흥시
진진삼계탕 본점,시흥시
편백장수,시흥시
생마차 시흥정왕점,시흥시
모모라멘,시흥시
목구멍 시흥점,시흥시
돌깨마을맷돌순두부 시화점,시흥시
카메스시,시흥시
소담촌 시흥능곡점,시흥시
카페 배다배,시흥시
해월커피 배곧점,시흥시
LA코코보일링 배곧점,시흥시
선운산풍천장어,시흥시
고래곱창 본점,시흥시
화로상회 배곧점,시흥시
금성가든,시흥시
이학갈비,시흥시
바오차이 시흥프리미엄아울렛점,시흥시
시흥 캠핑식당 윤스바베큐,시흥시
금강민물매운탕,아산시
망파카페,아산시
세종이도삼계탕 본점,아산시
올드밀,아산시
인기명 아산배방점,아산시
아산짚불장어,아산시
일품참숯갈비,아산시
종가면옥,아산시
청년고기장수 아산배방점,아산시
편편집 아산배방점,아산시
마가렛뜨,아산시
도자기굽는정카페 신정호 아산,아산시
필나인,아산시
마들렌 패밀리 뷔페레스토랑,아산시
도고창고카페,아산시
카페 안낙,아산시
오월의꽃수레,아산시
파보네,아산시
좋은아침페스츄리 신정호수점,아산시
탕정집 쭈꾸미 지중해점,아산시
장수촌,아산시
도자기굽는정카페 신정호 아산,아산시
재벌짬뽕,아산시
핏제리아436,아산시
평양면옥,아산시
온양 청국장집,아산시
죽순산장,아산시
후다닥닭갈비,아산시
소월,아산시
겐로쿠우동 아산점,아산시
청지기꽃게장 본점,아산시
그래비티 신정호수점,아산시
엄청난해장국,아산시
해이와 아산,아산시
들꽃,아산시
웰파이 천안아산역 본점,아산시
신비우동 아산휴대점,아산시
엘도라도 아산배방점,아산시
임성근 국가공인진갈비 아산점,아산시
스시하루,아산시
카페 블랙쿠바프리덤,아산시
피그펍돈까스,아산시
응삼이초벌구이 둔포본점,아산시
스시우이,아산시
퐁당 탕정점,아산시
낭구,아산시
신사우물갈비 아산온천점,아산시
루트 102,아산시
수제빵연구소,아산시
LLAF COFFEE,아산시
11호남도할머니칼국수,안산시
북동삼거리손칼국수 대부도본점,안산시
제주삼육돈 본점,안산시
부드럽소,안산시
33호할머니칼국수,안산시
황금손칼국수 간장게장 대부도 본점,안산시
대부면가 우리밀칼국수,안산시
포크너 신도시점,안산시
16호원조할머니칼국수 대부도본점,안산시
포크너,안산시
목육탕,안산시
윤선장어시장 안산고잔중앙역점,안산시
봉궁순대국 본점,안산시
초장집 선부점,안산시
설화215,안산시
시랑면옥,안산시
연청 안산중앙점,안산시
라라랜드카페,안산시
사또횟집 사또조개구이,안산시
시골순대,안산시
쇼텐,안산시
오브,안산시
북경,안산시
포크너 그랑시티자이점,안산시
동명닭집 선부본점,안산시
어부 안산점,안산시
크래버대게나라 안산점,안산시
샘골로 고잔점,안산시
도깨비왕감자탕,안산시
스시일기,안산시
양양입암리막국수 안산점,안산시
스시락 1500원회전초밥,안산시
아트스트릿11,안산시
카페동이 시화나래점,안산시
정든닭발 안산본점,안산시
그릴룸,안산시
동맛골 안산중앙동점,안산시
어장관리 본점,안산시
카르폰,안산시
파도마루,안산시
안동장터소고기국밥 안산본점,안산시
니지스시,안산시
귀큰여우,안산시
금화전복,안산시
화평동왕냉면 한대점,안산시
귀인한우촌,안산시
라라코스트 안산중앙점,안산시
요리 행복담은밥상,안산시
카산도 고잔점,안산시
이자카야 호,안산시
낙원간장게장 블루리본 한식당,안성시
쁘로베초,안성시
궁중해물탕,안성시
세영이네,안성시
안일옥 본점,안성시
맛집막국수,안성시
신사우물갈비 안성공도점,안성시
쇠고개식당,안성시
짬뽕지존 안성점,안성시
약수터식당,안성시
마포최대포 아양점,안성시
솔리 자운,안성시
두리봉시골청국장,안성시
어썸레이크,안성시
소나무카페,안성시
육천돈까스 본점,안성시
안성 초밥집,안성시
남포동직화쭈꾸미 본점,안성시
곤드레바다 금광호수점,안성시
El Bulli,안성시
거목산장,안성시
솔트밋,안성시
고나,안성시
파주옥 미리내직영점,안성시
옥된장 안성공도점,안성시
어부의밥상,안성시
가배도프리미엄,안성시
홍익돈까스 안성점,안성시
카페소월,안성시
홍대개미 스타필드 안성,안성시
길쉐프베이커리,안성시
정직유부 안성점,안성시
맛춤편백집,안성시
랭스커피,안성시
카페 드 아쿠아,안성시
카이로스,안성시
몽마르뜨,안성시
소담고을 원곡점,안성시
안성축협 한우프라자,안성시
팔도식당,안성시
오서방네손두부,안성시
신전떡볶이 안성공도점,안성시
배스킨라빈스 안성중앙점,안성시
룩스바베큐 캠핑식당 & 셀프 바베큐장,안성시
신부숯불갈비,안성시
신양평해장국,안성시
카사델솔,안성시
안성토종순대국본점,안성시
24시전주명품콩나물국밥,안성시
곱창회관 공도점,안성시
카페조각,안양시
한돈만,안양시
향연양꼬치,안양시
345진짜돼지갈비,안양시
유미카츠 범계점,안양시
준식당,안양시
양양이양갈비&양꼬치,안양시
홍미집 범계직영점,안양시
블랙시크릿가든,안양시
두툼한가 본점,안양시
뭉텅 인덕원점,안양시
고베 하우스 철판요리,안양시
로로러버스,안양시
분분,안양시
M365,안양시
금수강산,안양시
이치류 인덕원점,안양시
우산화로 본점,안양시
관악관,안양시
에버그린,안양시
고베 하우스 철판요리,안양시
백합칼국수,안양시
황도바지락칼국수,안양시
카페조각,안양시
촌골오리,안양시
카페모히,안양시
카페 아톨,안양시
바위섬,안양시
인생식당,안양시
산마을민속촌,안양시
청록미나리식당 안양범계점,안양시
정성담 안양점,안양시
송주불냉면 안양본점,안양시
쿠우쿠우 평촌범계점,안양시
신멘,안양시
슬럼덩크 수제버거,안양시
엘몽끄,안양시
리얼케익 안양범계점,안양시
다정김밥,안양시
페어리우즈 카페,안양시
정호식당,안양시
오늘은바지락칼국수,안양시
유구,안양시
부산곱창,안양시
르디쉬,안양시
오늘초밥,안양시
곱창폭식 안양점,안양시
카페지정,안양시
호주식월남쌈정원,안양시
크리에이티브로스터스,안양시
황궁해물왕짬뽕,양주시
강경불고기 송추점,양주시
불멸의갈비김치찌개 양주본점,양주시
한우 해운대연탄생갈비 양주옥정점,양주시
작은영토,양주시
뷰66 마네쿠,양주시
강경불고기 회천직영점,양주시
돌고개늘품,양주시
장흥폭포수식당,양주시
브루다 양주,양주시
이너프유 양주,양주시
돌집산장,양주시
별미지교,양주시
온달집,양주시
천안문,양주시
이너프유 양주,양주시
플레이스 지안,양주시
다인막국수 양주,양주시
본가냉면,양주시
자반고 본점,양주시
처음본명품민물장어 양주점,양주시
숲길정원,양주시
초록밥상,양주시
장흥 황토마당,양주시
스푼더마켓S 양주옥정점,양주시
송추계곡글램핑셀프바베큐장,양주시
옛날수제비비빔밥,양주시
어둔골손두부,양주시
수다떠는오징어 직영점,양주시
오품채 양주 본점,양주시
올댓프루츠,양주시
송천펜션,양주시
부추국수전문점,양주시
나블리베이커리카페 본점,양주시
약선도가,양주시
히마와리,양주시
포레이즈,양주시
옥정동쭈꾸미,양주시
제주은희네해장국 송추점,양주시
옥이네 손두부,양주시
도너츠윤 옥정점,양주시
닛다,양주시
라라코스트 양주고읍점,양주시
미소복원조양평해장국,양주시
나리타 양주옥정점,양주시
수타명가우애,양주시
정뜰순대국,양주시
운암정,양주시
묵호횟집,양주시
홍정장어,양주시
명가샤브샤브손칼국수,여주시
쌀밥지정업소 홀인원쌈밥집,여주시
여주솥반,여주시
여주고추장불고기,여주시
여주본갈비,여주시
돗가비불쭈꾸미 여주점,여주시
여주옹심이,여주시
황제능이버섯백숙,여주시
설원다식,여주시
부부농장가든,여주시
다우리 여주직영점,여주시
힐가든,여주시
수곡가든,여주시
드롭 베이커리 카페,여주시
여내울 수월정,여주시
옛맛시골집,여주시
두메산골,여주시
여강골 촌집,여주시
섭스시 여주점,여주시
여주마을해장국,여주시
풍물옹심이칼국수,여주시
사계돈석갈비,여주시
목장까페은아,여주시
싸리골본점,여주시
청기와한정식,여주시
로프,여주시
돈까스타운,여주시
숲속정원,여주시
여주가든,여주시
홀인원그늘집,여주시
올스커피,여주시
명륜진사갈비 여주점,여주시
양듬뿍 원조 양평해장국,여주시
명주한정식,여주시
산천식당,여주시
샤브마니아 여주점,여주시
우디멍,여주시
삼룡이커피,여주시
외룡묵밥집,여주시
육전국밥 여주점,여주시
메이킷:커피,여주시
우성해장국,여주시
토리샘빌리지67,여주시
동원횟집,여주시
마약생고기 점봉점,여주시
달거니해장국 여주점,여주시
스타벅스 여주자유CC점,여주시
농가보쌈족발 순대국,여주시
곰작골나주곰탕 여주점,여주시
디어하우스,여주시
팔각도 오산대역점,오산시
강경불고기 오산점,오산시
제일정육식당,오산시
용궁갈비,오산시
닭이닭숯불닭갈비,오산시
인기명 오산대역점,오산시
황제능이해신탕,오산시
다와 칼국수,오산시
강경불고기 오산점,오산시
봉자막창 오산궐동점,오산시
홍매화쌈밥 오산점,오산시
민들레화로,오산시
스시명장,오산시
육풍 오산프리미엄점,오산시
호우동,오산시
장가네손칼국수,오산시
카페 안 오산본점,오산시
다미식,오산시
이안커피,오산시
청담집,오산시
이고집쭈꾸미 오산점,오산시
REPOS,오산시
쿠우쿠우 오산점,오산시
장가네추어탕 오산점,오산시
오산매운오뎅,오산시
청수식당운암,오산시
소플러스 동탄 북오산점,오산시
팔월가배,오산시
양평본가해장국,오산시
독산성왕갈비탕,오산시
목토국수집,오산시
본가왕뼈감자탕 오산세교점,오산시
원더랜드,오산시
나인블럭 오산 세교 DT점,오산시
어부나라생선구이,오산시
까마우,오산시
제주꽃돼지,오산시
삼동소바 오산점,오산시
한우생각,오산시
어촌회,오산시
청기와대구탕,오산시
처핑,오산시
포메인 오산세교점,오산시
올리브그린카페,오산시
천지샤브샤브,오산시
좋은아침페스츄리 오산점,오산시
폴 바셋 오산대 DT점,오산시
갈비명가두툼한숯불갈비,오산시
누구나홀딱반한닭 오산점(궐동),오산시
찬스불고기부리또 운암점,오산시
장수촌,용인시
희락보리,용인시
고기리막국수,용인시
곤드레찜드레 용인점,용인시
목구멍 용인수지직영점,용인시
테라스478,용인시
묵리459,용인시
콩게미,용인시
후라토식당 역북점,용인시
수련불낙전골,용인시
향미옻닭,용인시
일품양평해장국 용인송전점,용인시
레이크 106,용인시
산뜨락 수지본점,용인시
수담 보라민속촌점,용인시
품육 참숯소갈비살 김량장동점,용인시
아이소,용인시
피제리아다문,용인시
그린웨일,용인시
만우정본점,용인시
어가 본점,용인시
테라스바베큐키친 영통점,용인시
문115 카페,용인시
로즈식당,용인시
데일리아트스토리 용인점,용인시
능이향 용인 본점,용인시
구들장흑도야지,용인시
건강담은전민숙밥상,용인시
비와별닭갈비 롯데몰 수지점,용인시
교동면옥 용인영덕점,용인시
외할머니집,용인시
숯닭무 용인흥덕점,용인시
이태리옥,용인시
우리동네스시신조,용인시
카페 나인패치,용인시
담솥 용인보정점,용인시
강릉해변메밀막국수 용인점,용인시
도원,용인시
풀오브어스 역북 본점,용인시
텐진야끼니꾸 용인동백점,용인시
세꼬시마을 용인본점,용인시
다린,용인시
충무로닭도리탕 용인 본점,용인시
뜰안애,용인시
카페 퐁트 내맘대로 피자,용인시
솔솔우동,용인시
홍천쌀찐빵,용인시
합 수지구청 직영점,용인시
소금,용인시
타짜오리하우스 용인점,용인시
백운원,의왕시
천만애능이백숙,의왕시
마당기픈집 왕송호수점,의왕시
청계산시골집,의왕시
전복명가,의왕시
산나래한정식,의왕시
장수촌,의왕시
정가네숯불갈비 본점,의왕시
천장어,의왕시
장어의전설,의왕시
메종드노엘,의왕시
청산별곡 백운호수점,의왕시
원조일출보리밥,의왕시
육전국밥 왕송호수점,의왕시
가나안덕 백운호수점,의왕시
카페 날마다봄날,의왕시
삼동소바 백운호수점,의왕시
백운호수장수촌,의왕시
칭메이,의왕시
장원면옥,의왕시
더가드너,의왕시
브렉키,의왕시
탐나종합어시장 의왕포일동점,의왕시
호미마켓,의왕시
원조옛날보리밥집,의왕시
37.5 의왕왕송호수점,의왕시
벤탄빌라 의왕내손점,의왕시
다니소바,의왕시
만나고쪽갈비 의왕역직영점,의왕시
화진식당,의왕시
구울래찔래,의왕시
홍성참숯갈비,의왕시
피콜로라비타,의왕시
화통삼 의왕포일점,의왕시
황금족발,의왕시
온담코다리한상,의왕시
유포리막국수 의왕포일점,의왕시
메종드노엘,의왕시
봄설 의왕점,의왕시
레자미제과점,의왕시
타이마실 인덕원점,의왕시
꾸시야 포일동,의왕시
대구생막창이야기 본점,의왕시
오픈커피 의왕점,의왕시
고봉민김밥인 의왕포일점,의왕시
은미정,의왕시
에센셜커피,의왕시
장수옥설렁탕 청계1호점,의왕시
바베큐의왕,의왕시
카포커피클럽,의왕시
소담양꼬치,의정부시
예닮채 샤브샤브,의정부시
예닮채 샤브샤브,의정부시
육몽 의정부점,의정부시
외양간한우 의정부본점,의정부시
히츠지야 오와리야 의정부 민락점,의정부시
미도인 의정부,의정부시
고진돈,의정부시
해품닭 의정부 본점,의정부시
굿갓레스토랑 본점,의정부시
초이다이닝 의정부점,의정부시
신화쭈꾸미 의정부금오점,의정부시
온누리장작구이 의정부산곡점,의정부시
착한낙지 의정부본점,의정부시
부흥국수 해방촌국수,의정부시
노비루,의정부시
이자카야 우규 의정부민락점,의정부시
망구스디저트카페,의정부시
오타코,의정부시
태양부양꼬치 의정부점,의정부시
팔당불오징어,의정부시
피셔맨스키친 의정부점,의정부시
먹고싶은그집생고기,의정부시
별당,의정부시
그때그집,의정부시
다이닝 1324,의정부시
동동칼국수 의정부점,의정부시
오끼 의정부점,의정부시
소주물 민락점,의정부시
소상공인 정육식당,의정부시
무진뭉티기,의정부시
옴브레 의정부역점,의정부시
매운집 의정부본점,의정부시
밀천지 의정부 코스트코점,의정부시
바다수퍼 해물천하 조개구이 회룡점,의정부시
소양강매운탕,의정부시
만랩커피 의정부민락점,의정부시
돈까스명장,의정부시
잭스테이크,의정부시
낙양흑염소,의정부시
유월,의정부시
스시야,의정부시
주레오,의정부시
골목식당,의정부시
이디야커피 의정부장암역점,의정부시
쿠카쿠커피 의정부점,의정부시
용천통닭 본점,의정부시
소우창,의정부시
녹두이모네족발,의정부시
지구과자점,의정부시
이천곰탕,이천시
편편집 이천증포점,이천시
고기스타망치 이천본점,이천시
이천돌솥밥,이천시
화산불고기 이천 본점,이천시
거궁 이천점,이천시
이천 엄지 장수촌,이천시
육밀도 이천점,이천시
텍사스프라임,이천시
강민주의들밥 본점,이천시
고기도둑,이천시
도투곳간,이천시
닭사부일체 송정점,이천시
퍼시먼트,이천시
김쉐프의 텃밭,이천시
논스페이스,이천시
이천태극당,이천시
고블린,이천시
아이성,이천시
백암토종순대,이천시
운중양평해장국설렁탕,이천시
까사디차차,이천시
화로불민물장어 본점,이천시
해루질 이천본점,이천시
카페 디어문,이천시
왕대박종합어시장,이천시
진미즉석떡볶이,이천시
꽃피는화덕피자D485 이천점,이천시
목구멍 이천점,이천시
오말리 롯데이천아울렛점,이천시
대송버섯집,이천시
맥도날드 이천DT점,이천시
스타벅스 이천증포DT점,이천시
살로네,이천시
뚱보집 하이닉스점,이천시
카페 오르골,이천시
추씨네털보곱창전골,이천시
쭌조개구이,이천시
옛골쌈밥,이천시
글래디버거,이천시
잘란잘란,이천시
연안부두조개구이,이천시
곽사부,이천시
유가네한우곰탕 이천마장점,이천시
메이크마이온 mmo,이천시
서경한우프라자 이천점,이천시
소담달,이천시
레카,이천시
우리나라만세한식뷔페,이천시
비읍 이천창전점,이천시
초미당 첫번째,익산시
원조부안집 익산모현점,익산시
인생극장쪽갈비 동산점,익산시
요남자 익산모현점,익산시
청담옥,익산시
하나참치 익산점,익산시
상무초밥 익산점,익산시
육개월,익산시
다리미삼겹살 익산점,익산시
고기싸롱 익산본점,익산시
백인숙꽃게장,익산시
진수곱창 익산모현점,익산시
옹심이네,익산시
라라 위드 쿠킹,익산시
백제가든,익산시
김장군막국수 본점,익산시
다가포가든,익산시
메종210,익산시
달빛에구운고등어 어양점,익산시
따뜻한 봄,익산시
남부시장통닭,익산시
육개월 2관,익산시
메라키,익산시
1708아카이브,익산시
노다지식당,익산시
육값어치,익산시
신동꽃게장,익산시
도심불고기,익산시
다오샘,익산시
샤브쌈주머니 익산영등점,익산시
스타벅스 익산영등DT점,익산시
나순옥,익산시
신샤브 익산영등점,익산시
정원곰탕,익산시
골목집,익산시
전복궁,익산시
왕초바베큐 익산영등점,익산시
청솔분식,익산시
스시하츠,익산시
엄가네본가시골집 익산점,익산시
묵이네 소양국밥,익산시
Mar Rueda,익산시
홍익돈까스 익산점,익산시
농부애갈비 어양점,익산시
헤일로,익산시
제이키친,익산시
노천민물장어 익산모현점,익산시
보배반점 익산원광대점,익산시
옥야면옥,익산시
참새방앗간 영등1호점,익산시
명륜진사갈비 전주혁신점,전주시
쓖,전주시
경성금돼지,전주시
치히로,전주시
두루미밥상,전주시
전라도음식이야기,전주시
가츠연,전주시
하숙영가마솥비빔밥,전주시
백김치새싹막회 우아본점,전주시
장어야놀자 송천점,전주시
요쿠야마치 전주점,전주시
계륵사지 숯불닭갈비 전주송천본점,전주시
전일갑오,전주시
전주는전주,전주시
이가네돌솥감자탕,전주시
멘야케이 금암본점,전주시
완산벌연탄집,전주시
남노갈비 본점,전주시
다문,전주시
그 날의 온도,전주시
레이지크해비탯 객사점,전주시
양식당,전주시
숯토리 신시가지본점,전주시
한국관 본점,전주시
카페트럼펫,전주시
남촌칼국수,전주시
구름,전주시
오마카세 오사이초밥 전주효자점,전주시
개미와베짱이,전주시
차경,전주시
파스톨로지,전주시
이너프샐러드 전북대 본점,전주시
꿀비,전주시
진수곱창,전주시
전주밥상다잡수소,전주시
중화산동 목로국밥,전주시
다산돼지와낙지 본점,전주시
이탈리돈,전주시
더팟틀럭,전주시
오아카페,전주시
전주 쭈꾸미신화,전주시
오스스퀘어,전주시
후켄,전주시
유쿄니 객사점,전주시
건지산도토리,전주시
메이웨이,전주시
달곰,전주시
리스토란테 콜리 송천점,전주시
EIGHT FLOOR,전주시
강남칼국수,전주시
이화담 정읍점,정읍시
아들딸사랑한다,정읍시
보안식당,정읍시
국화회관,정읍시
제이포렛,정읍시
옛날김밥,정읍시
돗가비,정읍시
양자강,정읍시
베르데카페,정읍시
신가네정읍국밥 본점,정읍시
BHC치킨 정읍시기점,정읍시
다소니,정읍시
명문장어,정읍시
정읍청국장집,정읍시
깻님이네 막회집,정읍시
황금코다리 정읍점,정읍시
화덕갈비 정읍점,정읍시
정성김밥,정읍시
길림성,정읍시
이브아 베이커리,정읍시
청년다방 정읍시기점,정읍시
토박이,정읍시
단풍장어,정읍시
두판닭갈비 정읍점,정읍시
맘스터치 시기점,정읍시
키도,정읍시
뜰안채,정읍시
형제골뼈다귀순대국,정읍시
명륜진사갈비 전북정읍수성점,정읍시
오롯,정읍시
이삭토스트 정읍수성점,정읍시
미소,정읍시
대 대 갈비,정읍시
장어나라,정읍시
미소담,정읍시
맥시칸치킨 연지점,정읍시
샤브50 정읍점,정읍시
제줏간 정읍점,정읍시
롯데리아 정읍상동점,정읍시
돈치킨 정읍점,정읍시
청자다방 정읍상동점,정읍시
와플대학 정읍캠퍼스,정읍시
너른마당,정읍시
피자애 정읍점,정읍시
카페소울,정읍시
멕시카나치킨 신태인점,정읍시
이디야 정읍수성점,정읍시
귀빈식당,정읍시
김형제고기의철학 정읍점,정읍시
삼부회관,정읍시
짚불도,제주시
월고집 구좌 월정리 본점,제주시
옹포횟집 제주한림협재본점,제주시
제주돔베고기집,제주시
제주정지,제주시
카페데스틸,제주시
램앤블랙 제주 조천 본점,제주시
제주 코시롱,제주시
애월 삼육공본점 숙성흑돼지,제주시
문쏘 제주협재점,제주시
통돌이돈통가,제주시
양대감 노형,제주시
삼대장 연동제원,제주시
협재수우동 협재점,제주시
해지개,제주시
금갈치 동문시장점,제주시
해녀김밥 본점,제주시
델문도,제주시
찌즈,제주시
리보스코화덕피자,제주시
맛나감자탕 제주1호점,제주시
안녕협재씨 제주협재점,제주시
오직흑돼지 제주공항본점,제주시
제주부엌 고기국수 제주공항점,제주시
장춘식당,제주시
인카페온더비치,제주시
명랑스낵,제주시
하이엔드제주,제주시
제주예찬 공항본점,제주시
도민상회본점 제주한림협재흑돼지,제주시
애월찜 애월점,제주시
면주막 제주본점,제주시
쇼넨 제주시청점,제주시
그랜마스 노형직영점,제주시
유군초밥,제주시
블랑로쉐,제주시
삼대국수회관 본점,제주시
산지물,제주시
빵귿,제주시
세모,제주시
갈치관 애월해안도로점,제주시
제주도 고기국수 만세국수,제주시
봄날,제주시
카페한라산,제주시
명진전복,제주시
삼미횟집 제주공항점,제주시
앨리스,제주시
채훈이네 고사리육개장해장국 협재점,제주시
풍원,제주시
협재온다정,제주시
편백상회 제천점,제천시
까사 피에스타 스테이크&파스타 제천점,제천시
청와삼대 제천점,제천시
한버들떡갈비,제천시
청풍황금송어,제천시
뜰이있는집,제천시
산아래 본점,제천시
청풍황금떡갈비,제천시
카우보이그릴,제천시
의림지막국수,제천시
구름공방 제천청전점,제천시
홍이갈비,제천시
소소한양과자점,제천시
빌라드도화리,제천시
카페 탄지리,제천시
옥전만두국집,제천시
소문난더덕생삼겹살,제천시
대복감자옹심이칼국수,제천시
삼동소바 제천점,제천시
차이나북경,제천시
박달재한우촌,제천시
낭만핫도그 본점,제천시
썬데이브리즈 제천점,제천시
약선재,제천시
대림갈비,제천시
강박사함흥냉면 숯불갈비 본점,제천시
카페 에르도,제천시
할머니손칼국수,제천시
리솜포레스트 별채,제천시
봉담뜰&송이랑게,제천시
설원칡냉면 하소점,제천시
가람식당,제천시
족발야시장 무청감자탕 제천점,제천시
동그리 부엌,제천시
설봉한우,제천시
낭만CAFE,제천시
미당한방막국수,제천시
무궁화식당,제천시
대영식당,제천시
청해짬뽕,제천시
옥순봉식당,제천시
슈슈제과,제천시
하진도축장 정육식당,제천시
라이옥 베트남쌀국수 제천점,제천시
포인비에트 제천점,제천시
우리동네,제천시
도원가든,제천시
수라간,제천시
양식당 정감,제천시
카페에이,제천시
다미골흑염소,천안시
다미횟집,천안시
황소곱창 천안불당점,천안시
한가네숯불닭갈비 천안법조타운점,천안시
곤드레찜드레 곤찜,천안시
마초쉐프 천안점,천안시
하누래,천안시
신사우물갈비 불당본점,천안시
수왕초장집 천안점,천안시
뚜쥬루 빵돌가마마을,천안시
고깃리88번지 천안두정점,천안시
육본 천안점,천안시
제이스맨션,천안시
스시린 신불당본점,천안시
슈엔,천안시
브런치가든,천안시
삼쿡시대 법원점,천안시
짬뽕앤코,천안시
귀한족발 천안불당직영점,천안시
YAON,천안시
떳다횟집,천안시
나오트커피,천안시
밥상차려주는집,천안시
타타스베이글 본점,천안시
교토리,천안시
망향비빔국수 천안점,천안시
육화미 천안본점,천안시
은행나무집,천안시
부에노,천안시
도시커피,천안시
치카라우나기,천안시
바지락,천안시
이우철한방누룽지삼계탕 백석직영점,천안시
그림스 카페,천안시
알토란한정식,천안시
아우어베이커리 천안신불당점,천안시
플러피커피,천안시
자연농원,천안시
배나무숲,천안시
미사리밀빛초계국수 천안백석점,천안시
황소고집정육식당,천안시
평양냉면,천안시
까미나르,천안시
한성막횟집 본점,천안시
오샤브 천안본점,천안시
솥솥 바베큐,천안시
냅다청양집 두정역점,천안시
온센 천안점,천안시
그레이츄,천안시
나무향기,천안시
짬뽕버닝,청주시
명작,청주시
봉용불고기,청주시
상무초밥 청주점,청주시
용용생고기,청주시
샷보로일식,청주시
이화연가,청주시
편편집 청주복대점,청주시
황할머니갈비집,청주시
호박꽃마차 청주율량점,청주시
수제햄 고래부대찌개 오창본점,청주시
수빈염소마을,청주시
청년고기장수 청고장 청주오창점,청주시
상구네돼지구이 청주오송점,청주시
대추나무집,청주시
수이재 1928,청주시
이안테라스 베이커리카페,청주시
단성무이 사창점,청주시
창심관 지웰시티점,청주시
테디헤이데이,청주시
아우트로 커피,청주시
오적회관 청주오창점,청주시
마가레뜨,청주시
풍바오 충북대점,청주시
본궁석갈비,청주시
르미뇽,청주시
대추나무집,청주시
리리크,청주시
풍차쭈꾸미,청주시
비파해물칼국수,청주시
믹스레스토랑 본점,청주시
뚝심,청주시
리정,청주시
빌라디쉐프 나폴리점,청주시
킨토토 청주점,청주시
느루밥집,청주시
만재네 청주복대지웰점,청주시
웅배스시 강서본점,청주시
다이닝포레,청주시
떡보라 본점,청주시
면식당 지웰시티점,청주시
한우짝갈비살,청주시
열혈청춘 청주오창점,청주시
겸하당,청주시
전주명가,청주시
브라운브릿지,청주시
여기오송,청주시
Call on me,청주시
우주식탁,청주시
해물화짬뽕,청주시
중앙탑뚱감자막국수,충주시
대성수산횟집,충주시
열혈청춘 본점,충주시
숲속장수촌,충주시
후라토식당 충주점,충주시
중앙탑메밀마당,충주시
치히로 충주점,충주시
게으른악어,충주시
중앙탑면막국수,충주시
원조중앙탑막국수 충주점,충주시
까사피에스타 충주점,충주시
아흐레커피,충주시
서로,충주시
행복담는국수집,충주시
플랩잭팬트리 충주점,충주시
준경양카츠,충주시
돈이 조아,충주시
아리랑숯불갈비전문점,충주시
TESORO,충주시
국수타령,충주시
중앙관,충주시
79네수육국밥&보쌈 충주점,충주시
구옥한우,충주시
석수오리돌판구이,충주시
고소미부엌 충주점,충주시
명륜진사갈비 충주용산호암점,충주시
카페 아리아,충주시
서유숙카페,충주시
착한낙지 충주점,충주시
명륜진사갈비 연수칠금점,충주시
강군초밥,충주시
장수골,충주시
원조영덕가든,충주시
충주댐198510,충주시
비건채식뷔페 빛가람,충주시
소담촌 충주호암점,충주시
징기스 충주점,충주시
핵밥 교통대점,충주시
포유탐 본점,충주시
우미칼국수,충주시
현아네만두,충주시
명산가든,충주시
호수로1010,충주시
빌드그린,충주시
굿나잇커피앤북,충주시
운정식당,충주시
오복쌈밥,충주시
은혜식당,충주시
행복한우동가게 서충주점,충주시
24시전주명가콩나물국밥 충주칠금점,충주시
정화돼지갈비 냉면 파주운정본점,파주시
버터킹빵공장,파주시
산에들에,파주시
삼고집 파주본점,파주시
약선마을,파주시
옛날시골밥상,파주시
온고집,파주시
킴스하우스 파주야당점,파주시
오백년 누룽지백숙 운정점,파주시
업스테어키친 파주운정본점,파주시
든든덮밥&곱도리 파주야당점,파주시
버거와이낫,파주시
장단콩두부촌,파주시
히츠지야 파주야당점,파주시
파주돌짜장,파주시
말똥도넛 디저트타운 파주점,파주시
꼬들,파주시
일호집,파주시
흑사당,파주시
먹보한우 파주점,파주시
심학산장어,파주시
짹짹곳간,파주시
원두막,파주시
평양손만두,파주시
용천옥 순대국 파주 심학산 본점,파주시
내사랑동까스,파주시
오야스미 파주점,파주시
달콤한삼겹살 파주통일동산점,파주시
앤조이터키,파주시
국수집 파주본점,파주시
투파인드피터 파주운정점,파주시
심학산 홍두깨 손칼국수,파주시
인도레스토랑 그레이,파주시
식당205,파주시
밀크북,파주시
기절고기국수,파주시
육미향 파주직영점,파주시
산내칡냉면 본점,파주시
임진각샘뜰두부집,파주시
르시랑스,파주시
운정소곱창,파주시
창삼덕 돌판오리구이,파주시
아르디움 카페 / 흑백사진관,파주시
샹배베이커리 본점,파주시
금성회관 파주야당점,파주시
곤트란쉐리에 파주점,파주시
목구멍 파주야당점,파주시
캠핑하는오리 파주,파주시
어라운드에잇,파주시
파주맛고을,파주시
파파1215 본점,평택시
화로양미 평택법원점,평택시
노란돼지집 평택 본점,평택시
고래몽,평택시
인기명 평택소사벌점,평택시
스모크타운,평택시
옥된장 평택고덕점,평택시
한우진곱창,평택시
한우명가촌 평택본점,평택시
군자대한곱창 평택역점,평택시
연탄집,평택시
강경불고기 평택직영점,평택시
경성진갈비 안중점,평택시
서양밥집,평택시
오롯이스시,평택시
압구정편의점 평택송탄점,평택시
보약정 추어명가 추어탕 돈까스,평택시
선식당,평택시
엘피노323,평택시
개화식당,평택시
영천칡냉면 평택본점,평택시
하누팜 본점,평택시
료혼,평택시
청담닭개장,평택시
장안면옥,평택시
현대그린푸드 텍사스로드하우스 험프리점,평택시
달토끼짬뽕 평택본점,평택시
텐독스,평택시
호성식당,평택시
터프이너프 로스터스 VER2,평택시
풍미양갈비&양꼬치,평택시
파레트,평택시
서정바당,평택시
무궁화회전초밥 평택,평택시
하나타코야끼,평택시
이정칼국수모밀,평택시
24시 수가성,평택시
시숲,평택시
데이지 식탁,평택시
할로하우디 평택본점,평택시
다교막국수,평택시
램스카페,평택시
일공공샤브&편백찜 평택고덕점,평택시
박군자진주냉면 평택점,평택시
원조부산양곱창,평택시
로로삼계탕 평택점,평택시
새말해장국 송탄점,평택시
시골애 평택점,평택시
죽백화 커피클럽,평택시
천년면가교동짬뽕 오산평택점,평택시
송영선할머니갈비집,포천시
갈비생각 포천이동점,포천시
갈비1987 포천이동본점,포천시
원조향토이동갈비,포천시
the포천가든,포천시
옹기골만찬쌈밥,포천시
프롬이태리,포천시
기와골,포천시
원조이동김미자할머니갈비 포천이동본점,포천시
숲속의제빵소,포천시
소문난이동갈비 포천이동본점,포천시
포천 고모리 삼낙촌,포천시
참나무쟁이,포천시
어반제주,포천시
오스스,포천시
카페아리,포천시
엘블라썸198,포천시
가비가배,포천시
고모리 민들레울,포천시
광릉국수,포천시
사리원,포천시
중화요리 두드림,포천시
카페 휴,포천시
내음685,포천시
샤브마니아 광릉수목원점,포천시
산정호수 100년 단팥빵,포천시
우리나라,포천시
전주장작불곰탕,포천시
왕뎅이선생,포천시
수중궁갈비마당 이동갈비,포천시
자유궁,포천시
제주여행,포천시
파주골순두부 송우점,포천시
포천뚝배기,포천시
블랙레빗 라이더카페,포천시
백운당제빵소,포천시
포애뜰카페,포천시
대복복집,포천시
곤트란쉐리에 울미숲점,포천시
일동해물국밥 본점,포천시
오징어족발브라더스,포천시
철원막국수,포천시
메아리산장,포천시
천년찻집 포천점,포천시
열두달,포천시
제비울가든,포천시
평강랜드 감성카페 더 가드너스,포천시
엄청난해장국,포천시
손짜장일번지,포천시
이화수전통육개장 경기포천점,포천시
육미애 하남미사본점,하남시
오늘은양꼬치 하남시청점,하남시
오늘은양꼬치 하남시청점,하남시
백소정 하남미사점,하남시
미뜸 하남미사본점,하남시
먹보한우 하남점,하남시
하남숯불닭갈비 미사본점,하남시
건강밥상심마니 하남점,하남시
완판도 미사점,하남시
팔당원조칼제비,하남시
금계옥 하남미사본점,하남시
구이가 감일점,하남시
우락,하남시
그린플레이트 하남점,하남시
시엔,하남시
회식의달인 미사강변점,하남시
만돈만리,하남시
이퀄센세이션,하남시
꽃누리들밥,하남시
안주가 하남미사점,하남시
르빵드비,하남시
천지연 하남미사점,하남시
쿠우쿠우 미사점,하남시
참나무 장작 누룽지 통닭구이,하남시
망향비빔국수 미사리점,하남시
팔당냉면,하남시
풍산화우 숯불고기 하남미사점,하남시
팔복도가니탕,하남시
맛찬들왕소금구이 하남미사점,하남시
자작나무갈비 하남미사점,하남시
참숯소한마리정육식당,하남시
황토민물장어,하남시
생각그이상 미사점,하남시
라이크 무드,하남시
애주꿀전,하남시
원조부안집 하남풍산역점,하남시
루프탑 텐,하남시
호두나무카페,하남시
팔진향 하남미사점,하남시
산아래 우렁쌈정식,하남시
소주물 미사본점,하남시
우연재,하남시
한채당 베이커리카페,하남시
해품장팔팔장어 하남미사점,하남시
댕크야드 / Dankyard,하남시
청솔향기,하남시
토리양푼떡볶이 미사역점,하남시
어린양양꼬치 하남미사점,하남시
수막새,하남시
삿뽀로 하남미사점,하남시
3월3일 본점,화성시
제주옥탑 동탄영천점,화성시
뜨돈 동탄본점,화성시
승도리네 곱도리탕 동탄남광장점,화성시
구들짱황소곱창 동탄남광장점,화성시
시쌘짜이도삭면 동탄본점,화성시
그릴더테라스 동탄본점,화성시
창심관,화성시
미가차이나,화성시
수경왕만두 향남점,화성시
최상무 화성남양점,화성시
투인샤브 동탄호수점,화성시
꾸아 동탄목동점,화성시
낭만,화성시
한가네숯불닭갈비 본점,화성시
양심장어 본점,화성시
품육참숯소갈비살전문점 화성시청점,화성시
만수르횟집,화성시
뚝방집,화성시
삼면이바다 동탄점,화성시
지안커피,화성시
도원참치 향남점,화성시
우정가 동탄북광장점,화성시
카페 유일무이 동탄호수공원점,화성시
진짬뽕,화성시
온비프,화성시
쌍둥이우육면,화성시
버드나무크래프트,화성시
생곡메밀막국수,화성시
장원면가 동탄본점,화성시
밀가촌국수,화성시
포레스트 호수공원점,화성시
도화,화성시
여명 본점,화성시
화로구이 진,화성시
37.5 동탄호수점,화성시
바다향왕코다리 동탄점,화성시
스무시간,화성시
옥이떡볶이,화성시
한소바,화성시
빠레뜨한남 동탄호수점,화성시
오솔길,화성시
셔터,화성시
편편집 봉담점,화성시
백금당 동탄호수공원점,화성시
우정가 동탄역본점,화성시
일본식당 아유미,화성시
손커피연구소 화성남양점,화성시
이색우화 그대에게동탄점,화성시
홍콩반점0410 플러스 동탄역북부점,화성시
